UV254(mJ cm-2),HOCl(mg/L),Fe3+ (mg/L),pH,NB (micromolar),MeOH(mM),ONP(mg/L),NO2-(mM),HCO3-(mM),Cl-(mM),SO42-(mM),Kobs (min-1)
717,0,0,3,0,0,10,0,0,0,0,0.006001
717,0,0,3,0,0,10,2,2,0,0,0.00596
717,0,0,3,0,0,10,0,0,0,0,0.00582
717,0,0,3,0,0,10,0,0,2,0,0.006011
717,0,0,3,0,0,10,0,0,0,2,0.00589
2008,0,0,3,0,0,10,0,0,0,0,0.00716
2008,0,0,3,0,0,10,2,0,0,0,0.00685
2008,0,0,3,0,0,10,0,2,0,0,0.00692
2008,0,0,3,0,0,10,0,0,2,0,0.00721
2008,0,0,3,0,0,10,0,0,0,2,0.00712
1434,0,0,3,0,0,10,0,0,0,0,0.00709
1434,0,0,3,0,0,10,0,0,2,0,0.008
1434,0,0,3,0,0,10,0,2,0,0,0.005023
1434,0,0,3,0,0,10,0,2,0,2,0.004236
1434,0,0,3,0,0,10,2,0,0,0,0.00602
0,10,0,3,0,0,10,0,0,0,0,0.01107
0,10,0,3,0,0,10,0,2,0,0,0.01054
0,10,0,3,0,0,10,0,0,2,0,0.01454
0,10,0,3,0,0,10,0,0,0,2,0.001548
0,10,0,3,0,0,10,2,0,0,0,0.00754
0,10,4.48,3,0,0,10,0,0,0,0,0.03328
0,10,4.48,3,0,0,10,2,0,0,0,0.02856
0,10,4.48,3,0,0,10,0,2,0,0,0.02359
0,10,4.48,3,0,0,10,0,0,2,0,0.01745
0,10,4.48,3,0,0,10,0,0,0,2,0.03745
1434,0,4.48,3,0,0,10,0,0,0,0,0.036
1434,0,4.48,3,0,0,10,0,0,2,0,0.0401
1434,0,4.48,3,0,0,10,0,2,0,0,0.0332
1434,0,4.48,3,0,0,10,2,0,0,0,0.029
1434,0,4.48,3,0,0,10,0,0,0,2,0.035
717,0,4.48,3,0,0,10,0,0,0,0,0.0204
717,0,4.48,3,0,0,10,2,0,0,0,0.0201
717,0,4.48,3,0,0,10,0,2,0,0,0.0197
717,0,4.48,3,0,0,10,0,0,2,0,0.0198
717,0,4.48,3,0,0,10,0,0,0,2,0.01944
2008,0,4.48,3,0,0,10,0,0,0,0,0.0383
2008,0,4.48,3,0,0,10,2,0,0,0,0.0376
2008,0,4.48,3,0,0,10,0,2,0,0,0.03712
2008,0,4.48,3,0,0,10,0,0,0,2,0.03654
2008,0,4.48,3,0,0,10,0,0,2,0,0.03854
1434,10,0,3,0,0,10,0,0,0,0,0.0421
1434,10,4.48,3,0,0,10,0,0,0,0,0.09682
1434,10,0,3,16,0,10,0,0,0,0,0.03591
1434,10,0,3,32,0,10,0,0,0,0,0.03011
1434,10,0,3,48,0,10,0,0,0,0,0.0255
1434,10,0,3,64,0,10,0,0,0,0,0.01819
1434,10,0,3,70,0,10,0,0,0,0,0.015
1434,10,0,3,86,0,10,0,0,0,0,0.01123
1434,10,0,3,100,0,10,0,0,0,0,0.010428
1434,10,4.48,3,16,0,10,0,0,0,0,0.08406
1434,10,4.48,3,32,0,10,0,0,0,0,0.07353
1434,10,4.48,3,48,0,10,0,0,0,0,0.06277
1434,10,4.48,3,64,0,10,0,0,0,0,0.05727
1434,10,4.48,3,70,0,10,0,0,0,0,0.05237
1434,10,4.48,3,86,0,10,0,0,0,0,0.04469
1434,10,4.48,3,100,0,10,0,0,0,0,0.03785
717,10,4.48,3,0,0,10,0,0,0,0,0.08782
717,10,4.48,3,16,0,10,0,0,0,0,0.0871
717,10,4.48,3,32,0,10,0,0,0,0,0.0862
717,10,4.48,3,48,0,10,0,0,0,0,0.0858
717,10,4.48,3,64,0,10,0,0,0,0,0.0851
717,10,4.48,3,70,0,10,0,0,0,0,0.0845
717,10,4.48,3,86,0,10,0,0,0,0,0.0835
717,10,4.48,3,100,0,10,0,0,0,0,0.0825
2008,10,4.48,3,0,0,10,0,0,0,0,0.12105
2008,10,4.48,3,16,0,10,0,0,0,0,0.115
2008,10,4.48,3,32,0,10,0,0,0,0,0.1012
2008,10,4.48,3,48,0,10,0,0,0,0,0.9852
2008,10,4.48,3,64,0,10,0,0,0,0,0.985
2008,10,4.48,3,70,0,10,0,0,0,0,0.974
2008,10,4.48,3,86,0,10,0,0,0,0,0.966
2008,10,4.48,3,100,0,10,0,0,0,0,0.945
717,10,0,3,0,0,10,0,0,0,0,0.03963
717,10,0,3,0,5,10,0,0,0,0,0.03854
717,10,0,3,0,10,10,0,0,0,0,0.03775
717,10,0,3,0,15,10,0,0,0,0,0.03596
717,10,0,3,0,20,10,0,0,0,0,0.03524
717,10,0,3,0,25,10,0,0,0,0,0.03442
717,10,0,3,0,30,10,0,0,0,0,0.03331
1434,10,0,3,0,0,10,0,0,0,0,0.0421
1434,10,0,3,0,5,10,0,0,0,0,0.02146
1434,10,0,3,0,10,10,0,0,0,0,0.02257
1434,10,0,3,0,15,10,0,0,0,0,0.00819
1434,10,0,3,0,20,10,0,0,0,0,0.007
1434,10,0,3,0,25,10,0,0,0,0,0.0063
1434,10,0,3,0,30,10,0,0,0,0,0.0054
2008,10,0,3,0,5,10,0,0,0,0,0.05246
2008,10,0,3,0,5,10,0,0,0,0,0.05132
2008,10,0,3,0,10,10,0,0,0,0,0.05035
2008,10,0,3,0,15,10,0,0,0,0,0.04963
2008,10,0,3,0,20,10,0,0,0,0,0.0479
2008,10,0,3,0,25,10,0,0,0,0,0.04702
2008,10,0,3,0,30,10,0,0,0,0,0.04681
717,10,4.48,3,0,0,10,0,0,0,0,0.08782
717,10,4.48,3,0,5,10,0,0,0,0,0.086423
717,10,4.48,3,0,10,10,0,0,0,0,0.08598
717,10,4.48,3,0,15,10,0,0,0,0,0.08365
717,10,4.48,3,0,20,10,0,0,0,0,0.08243
717,10,4.48,3,0,25,10,0,0,0,0,0.08195
717,10,4.48,3,0,30,10,0,0,0,0,0.08163
1434,10,4.48,3,0,0,10,0,0,0,0,0.09682
1434,10,4.48,3,0,5,10,0,0,0,0,0.06175
1434,10,4.48,3,0,10,10,0,0,0,0,0.02565
1434,10,4.48,3,0,15,10,0,0,0,0,0.02188
1434,10,4.48,3,0,20,10,0,0,0,0,0.0205
1434,10,4.48,3,0,25,10,0,0,0,0,0.02012
1434,10,4.48,3,0,30,10,0,0,0,0,0.0191
2008,10,4.48,3,0,0,10,0,0,0,0,0.12105
2008,10,4.48,3,0,5,10,0,0,0,0,0.11756
2008,10,4.48,3,0,10,10,0,0,0,0,0.10032
2008,10,4.48,3,0,15,10,0,0,0,0,0.09032
2008,10,4.48,3,0,20,10,0,0,0,0,0.08336
2008,10,4.48,3,0,25,10,0,0,0,0,0.07524
2008,10,4.48,3,0,30,10,0,0,0,0,0.06323
2008,10,4.48,3,0,0,10,0,0,0,0,0.12105
2008,5,4.48,3,0,0,10,0,0,0,0,0.07542
2008,15,4.48,3,0,0,10,0,0,0,0,0.13265
2008,20,4.48,3,0,0,10,0,0,0,0,0.11785
2008,25,4.48,3,0,0,10,0,0,0,0,0.0995
2008,30,4.48,3,0,0,10,0,0,0,0,0.0654
2008,10,4.48,3,0,0,10,0,0,0,0,0.12105
2008,10,1.12,3,0,0,10,0,0,0,0,0.12402
2008,10,4.48,3,0,0,10,0,0,0,0,0.1362
2008,10,8.96,3,0,0,10,0,0,0,0,0.12356
2008,10,13.44,3,0,0,10,0,0,0,0,0.10935
2008,10,17.92,3,0,0,10,0,0,0,0,0.10023
2008,10,22.4,3,0,0,10,0,0,0,0,0.08542
2008,10,26.88,3,0,0,10,0,0,0,0,0.08256
1434,10,4.48,3,0,0,10,0,0,0,0,0.09682
1434,5,4.48,3,0,0,10,0,0,0,0,0.058
1434,15,4.48,3,0,0,10,0,0,0,0,0.1312
1434,20,4.48,3,0,0,10,0,0,0,0,0.1235
1434,25,4.48,3,0,0,10,0,0,0,0,0.08236
1434,30,4.48,3,0,0,10,0,0,0,0,0.06525
2008,10,4.48,3,0,0,10,0,0,0,0,0.12105
2008,10,4.48,5,0,0,10,0,0,0,0,0.10526
2008,10,4.48,5,0,0,10,0,1,0,0,0.09521
2008,10,4.48,5,0,0,10,0,3,0,0,0.07542
2008,10,4.48,5,0,0,10,0,5,0,0,0.05263
2008,10,4.48,5,0,0,10,0,8,0,0,0.0442
2008,10,4.48,5,0,0,10,0,11,0,0,0.04402
2008,10,4.48,5,0,0,10,0,16,0,0,0.38545
2008,10,4.48,7,0,0,10,0,0,0,0,0.06523
2008,10,4.48,7,0,0,10,0,1,0,0,0.061254
2008,10,4.48,7,0,0,10,0,3,0,0,0.05748
2008,10,4.48,7,0,0,10,0,5,0,0,0.044562
2008,10,4.48,7,0,0,10,0,8,0,0,0.035
2008,10,4.48,7,0,0,10,0,11,0,0,0.030256
2008,10,4.48,7,0,0,10,0,16,0,0,0.02536
2008,10,4.48,9,0,0,10,0,0,0,0,0.05231
2008,10,4.48,9,0,0,10,0,1,0,0,0.044254
2008,10,4.48,9,0,0,10,0,3,0,0,0.03654
2008,10,4.48,9,0,0,10,0,5,0,0,0.034564
2008,10,4.48,9,0,0,10,0,8,0,0,0.02236
2008,10,4.48,9,0,0,10,0,11,0,0,0.011954
2008,10,4.48,9,0,0,10,0,16,0,0,0.00956
1434,10,0,3,0,0,10,0,0,0,0,0.042
1434,10,1.12,3,0,0,10,0,0,0,0,0.06
1434,10,4.48,3,0,0,10,0,0,0,0,0.09682
1434,10,8.96,3,0,0,10,0,0,0,0,0.13
1434,10,13.44,3,0,0,10,0,0,0,0,0.1335
1434,10,17.92,3,0,0,10,0,0,0,0,0.1245
1434,10,22.4,3,0,0,10,0,0,0,0,0.08825
1434,10,26.88,3,0,0,10,0,0,0,0,0.06235
1434,10,4.48,3,0,0,10,0,0,0,0,0.09682
1434,10,4.48,5,0,0,10,0,0,0,0,0.068
1434,10,4.48,7,0,0,10,0,0,0,0,0.0351
1434,10,4.48,9,0,0,10,0,0,0,0,0.0148
1434,10,4.48,3,0,0,10,0,0,0,0,0.09682
1434,10,4.48,3,0,0,5,0,0,0,0,0.25
1434,10,4.48,3,0,0,15,0,0,0,0,0.054
1434,10,4.48,3,0,0,10,0,0,0,0,0.09682
1434,10,4.48,3,0,0,10,0,1,0,0,0.0942
1434,10,4.48,3,0,0,10,0,3,0,0,0.0821
1434,10,4.48,3,0,0,10,0,5,0,0,0.0707
1434,10,4.48,3,0,0,10,0,8,0,0,0.0645
1434,10,4.48,3,0,0,10,0,11,0,0,0.05745
1434,10,4.48,3,0,0,10,0,16,0,0,0.04635
1434,10,0,3,0,0,10,0,0,0,0,0.0421
1434,10,0,3,0,0,10,0,1,0,0,0.0418
1434,10,0,3,0,0,10,0,3,0,0,0.0412
1434,10,0,3,0,0,10,0,5,0,0,0.0399
1434,10,0,3,0,0,10,0,8,0,0,0.0394
1434,10,0,3,0,0,10,0,11,0,0,0.0389
1434,10,0,3,0,0,10,0,16,0,0,0.0386
1434,10,4.48,3,0,0,10,0,0,0,0,0.09682
1434,10,4.48,3,0,0,10,0,0,0,1,0.0956
1434,10,4.48,3,0,0,10,0,0,0,5,0.0894
1434,10,4.48,3,0,0,10,0,0,0,10,0.0828
1434,10,4.48,3,0,0,10,0,0,0,13,0.0822
1434,10,4.48,3,0,0,10,0,0,0,17,0.0814
1434,10,4.48,3,0,0,10,0,0,0,20,0.0809
1434,10,4.48,3,0,0,10,0,0,0,23,0.0804
1434,10,0,3,0,0,10,0,0,0,0,0.0421
1434,10,0,3,0,0,10,0,0,0,1,0.0419
1434,10,0,3,0,0,10,0,0,0,5,0.0411
1434,10,0,3,0,0,10,0,0,0,10,0.0402
1434,10,0,3,0,0,10,0,0,0,13,0.0395
1434,10,0,3,0,0,10,0,0,0,17,0.0378
1434,10,0,3,0,0,10,0,0,0,20,0.0365
1434,10,0,3,0,0,10,0,0,0,23,0.036
1434,10,4.48,3,0,0,10,0,0,0,0,0.09682
1434,10,4.48,3,0,0,10,0,0,1,0,0.1064
1434,10,4.48,3,0,0,10,0,0,8,0,0.1156
1434,10,4.48,3,0,0,10,0,0,15,0,0.1205
1434,10,4.48,3,0,0,10,0,0,18,0,0.105
1434,10,4.48,3,0,0,10,0,0,22,0,0.0964
1434,10,0,3,0,0,10,0,0,0,0,0.0421
1434,10,0,3,0,0,10,0,0,1,0,0.0425
1434,10,0,3,0,0,10,0,0,8,0,0.0429
1434,10,0,3,0,0,10,0,0,15,0,0.04305
1434,10,0,3,0,0,10,0,0,18,0,0.04203
1434,10,0,3,0,0,10,0,0,22,0,0.0416
1434,10,4.48,3,0,0,10,0,0,0,0,0.09682
1434,10,4.48,3,0,0,10,1,0,0,0,0.09625
1434,10,4.48,3,0,0,10,3,0,0,0,0.0956
1434,10,4.48,3,0,0,10,5,0,0,0,0.09521
1434,10,4.48,3,0,0,10,8,0,0,0,0.0945
1434,10,4.48,3,0,0,10,12,0,0,0,0.0927
1434,10,4.48,3,0,0,10,15,0,0,0,0.0915
1434,10,0,3,0,0,10,0,0,0,0,0.0421
1434,10,0,3,0,0,10,1,0,0,0,0.0419
1434,10,0,3,0,0,10,3,0,0,0,0.0412
1434,10,0,3,0,0,10,5,0,0,0,0.0401
1434,10,0,3,0,0,10,8,0,0,0,0.0396
1434,10,0,3,0,0,10,12,0,0,0,0.03944
1434,10,0,3,0,0,10,15,0,0,0,0.03941
1434,10,4.48,5,0,0,10,0,0,0,0,0.068
1434,10,4.48,5,16,0,10,0,0,0,0,0.0672
1434,10,4.48,5,32,0,10,0,0,0,0,0.0666
1434,10,4.48,5,48,0,10,0,0,0,0,0.0658
1434,10,4.48,5,64,0,10,0,0,0,0,0.0649
1434,10,4.48,5,70,0,10,0,0,0,0,0.0641
1434,10,4.48,5,86,0,10,0,0,0,0,0.0632
1434,10,4.48,5,100,0,10,0,0,0,0,0.0619
1434,10,4.48,5,0,5,10,0,0,0,0,0.066
1434,10,4.48,5,0,10,10,0,0,0,0,0.0654
1434,10,4.48,5,0,15,10,0,0,0,0,0.0649
1434,10,4.48,5,0,20,10,0,0,0,0,0.0638
1434,10,4.48,5,0,25,10,0,0,0,0,0.0624
1434,10,4.48,5,0,30,10,0,0,0,0,0.0599
1434,10,4.48,5,0,0,10,1,0,0,0,0.0678
1434,10,4.48,5,0,0,10,3,0,0,0,0.0672
1434,10,4.48,5,0,0,10,5,0,0,0,0.0665
1434,10,4.48,5,0,0,10,8,0,0,0,0.0652
1434,10,4.48,5,0,0,10,12,0,0,0,0.0643
1434,10,4.48,5,0,0,10,15,0,0,0,0.0629
1434,10,4.48,5,0,0,10,0,1,0,0,0.0677
1434,10,4.48,5,0,0,10,0,3,0,0,0.0668
1434,10,4.48,5,0,0,10,0,5,0,0,0.0653
1434,10,4.48,5,0,0,10,0,8,0,0,0.0646
1434,10,4.48,5,0,0,10,0,11,0,0,0.0635
1434,10,4.48,5,0,0,10,0,16,0,0,0.0623
1434,10,4.48,5,0,0,10,0,0,1,0,0.0682
1434,10,4.48,5,0,0,10,0,0,8,0,0.0687
1434,10,4.48,5,0,0,10,0,0,15,0,0.069
1434,10,4.48,5,0,0,10,0,0,18,0,0.0688
1434,10,4.48,5,0,0,10,0,0,22,0,0.0682
1434,10,4.48,5,0,0,10,0,0,0,1,0.0677
1434,10,4.48,5,0,0,10,0,0,0,5,0.0672
1434,10,4.48,5,0,0,10,0,0,0,10,0.0663
1434,10,4.48,5,0,0,10,0,0,0,13,0.0651
1434,10,4.48,5,0,0,10,0,0,0,17,0.0644
1434,10,4.48,5,0,0,10,0,0,0,20,0.0639
1434,10,4.48,5,0,0,10,0,0,0,23,0.0635
1434,10,4.48,7,0,0,10,0,0,0,0,0.0351
1434,10,4.48,7,16,0,10,0,0,0,0,0.0341
1434,10,4.48,7,32,0,10,0,0,0,0,0.0335
1434,10,4.48,7,48,0,10,0,0,0,0,0.0328
1434,10,4.48,7,64,0,10,0,0,0,0,0.0322
1434,10,4.48,7,70,0,10,0,0,0,0,0.0315
1434,10,4.48,7,86,0,10,0,0,0,0,0.0299
1434,10,4.48,7,100,0,10,0,0,0,0,0.0294
1434,10,4.48,7,0,5,10,0,0,0,0,0.0338
1434,10,4.48,7,0,10,10,0,0,0,0,0.0326
1434,10,4.48,7,0,15,10,0,0,0,0,0.0314
1434,10,4.48,7,0,20,10,0,0,0,0,0.0306
1434,10,4.48,7,0,25,10,0,0,0,0,0.0298
1434,10,4.48,7,0,30,10,0,0,0,0,0.0289
1434,10,4.48,7,0,0,10,1,0,0,0,0.0348
1434,10,4.48,7,0,0,10,3,0,0,0,0.0344
1434,10,4.48,7,0,0,10,5,0,0,0,0.0339
1434,10,4.48,7,0,0,10,8,0,0,0,0.0332
1434,10,4.48,7,0,0,10,12,0,0,0,0.038
1434,10,4.48,7,0,0,10,15,0,0,0,0.0322
1434,10,4.48,7,0,0,10,0,1,0,0,0.0349
1434,10,4.48,7,0,0,10,0,3,0,0,0.0344
1434,10,4.48,7,0,0,10,0,5,0,0,0.0339
1434,10,4.48,7,0,0,10,0,8,0,0,0.0331
1434,10,4.48,7,0,0,10,0,11,0,0,0.0324
1434,10,4.48,7,0,0,10,0,16,0,0,0.0314
1434,10,4.48,7,0,0,10,0,0,1,0,0.0352
1434,10,4.48,7,0,0,10,0,0,8,0,0.0354
1434,10,4.48,7,0,0,10,0,0,15,0,0.0355
1434,10,4.48,7,0,0,10,0,0,18,0,0.0355
1434,10,4.48,7,0,0,10,0,0,22,0,0.0352
1434,10,4.48,7,0,0,10,0,0,0,1,0.0349
1434,10,4.48,7,0,0,10,0,0,0,5,0.0345
1434,10,4.48,7,0,0,10,0,0,0,10,0.0336
1434,10,4.48,7,0,0,10,0,0,0,13,0.0329
1434,10,4.48,7,0,0,10,0,0,0,17,0.0322
1434,10,4.48,7,0,0,10,0,0,0,20,0.0317
1434,10,4.48,7,0,0,10,0,0,0,23,0.0315
717,10,4.48,3,0,5,10,0,0,0,0,0.086423
717,10,4.48,3,0,5,10,1,0,0,0,0.0859
717,10,4.48,3,0,5,10,3,0,0,0,0.0851
717,10,4.48,3,0,5,10,5,0,0,0,0.0845
717,10,4.48,3,0,5,10,8,0,0,0,0.0835
717,10,4.48,3,0,5,10,12,0,0,0,0.0828
717,10,4.48,3,0,5,10,15,0,0,0,0.0821
717,10,4.48,3,0,5,10,0,1,0,0,0.0859
717,10,4.48,3,0,5,10,0,3,0,0,0.0849
717,10,4.48,3,0,5,10,0,5,0,0,0.0844
717,10,4.48,3,0,5,10,0,8,0,0,0.0836
717,10,4.48,3,0,5,10,0,11,0,0,0.0829
717,10,4.48,3,0,5,10,0,16,0,0,0.0817
717,10,4.48,3,0,5,10,0,0,1,0,0.0866
717,10,4.48,3,0,5,10,0,0,8,0,0.0872
717,10,4.48,3,0,5,10,0,0,15,0,0.0879
717,10,4.48,3,0,5,10,0,0,18,0,0.0875
717,10,4.48,3,0,5,10,0,0,22,0,0.0865
717,10,4.48,3,0,5,10,0,0,0,1,0.0861
717,10,4.48,3,0,5,10,0,0,0,5,0.0856
717,10,4.48,3,0,5,10,0,0,0,10,0.0851
717,10,4.48,3,0,5,10,0,0,0,13,0.0844
717,10,4.48,3,0,5,10,0,0,0,17,0.0837
717,10,4.48,3,0,5,10,0,0,0,20,0.0831
717,10,4.48,3,0,5,10,0,0,0,23,0.0824
1434,10,4.48,3,0,0,15,0,0,0,0,0.054
1434,10,4.48,3,0,0,15,1,0,0,0,0.0538
1434,10,4.48,3,0,0,15,3,0,0,0,0.0533
1434,10,4.48,3,0,0,15,5,0,0,0,0.0525
1434,10,4.48,3,0,0,15,8,0,0,0,0.052
1434,10,4.48,3,0,0,15,12,0,0,0,0.0516
1434,10,4.48,3,0,0,15,15,0,0,0,0.0508
1434,10,4.48,3,0,0,15,0,1,0,0,0.0536
1434,10,4.48,3,0,0,15,0,3,0,0,0.0529
1434,10,4.48,3,0,0,15,0,5,0,0,0.0521
1434,10,4.48,3,0,0,15,0,8,0,0,0.0514
1434,10,4.48,3,0,0,15,0,11,0,0,0.0511
1434,10,4.48,3,0,0,15,0,16,0,0,0.0506
1434,10,4.48,3,0,0,15,0,0,1,0,0.0542
1434,10,4.48,3,0,0,15,0,0,8,0,0.0545
1434,10,4.48,3,0,0,15,0,0,15,0,0.0551
1434,10,4.48,3,0,0,15,0,0,18,0,0.0553
1434,10,4.48,3,0,0,15,0,0,22,0,0.0549
1434,10,4.48,3,0,0,15,0,0,0,1,0.0538
1434,10,4.48,3,0,0,15,0,0,0,5,0.0531
1434,10,4.48,3,0,0,15,0,0,0,10,0.0522
1434,10,4.48,3,0,0,15,0,0,0,13,0.0512
1434,10,4.48,3,0,0,15,0,0,0,17,0.0506
1434,10,4.48,3,0,0,15,0,0,0,20,0.0498
1434,10,4.48,3,0,0,15,0,0,0,23,0.0492
1434,10,4.48,3,0,0,5,0,0,0,0,0.25
1434,10,4.48,3,0,0,5,1,0,0,0,0.248
1434,10,4.48,3,0,0,5,3,0,0,0,0.243
1434,10,4.48,3,0,0,5,5,0,0,0,0.231
1434,10,4.48,3,0,0,5,8,0,0,0,0.221
1434,10,4.48,3,0,0,5,12,0,0,0,0.206
1434,10,4.48,3,0,0,5,15,0,0,0,0.194
1434,10,4.48,3,0,0,5,0,1,0,0,0.247
1434,10,4.48,3,0,0,5,0,3,0,0,0.239
1434,10,4.48,3,0,0,5,0,5,0,0,0.232
1434,10,4.48,3,0,0,5,0,8,0,0,0.224
1434,10,4.48,3,0,0,5,0,11,0,0,0.216
1434,10,4.48,3,0,0,5,0,16,0,0,0.207
1434,10,4.48,3,0,0,5,0,0,1,0,0.251
1434,10,4.48,3,0,0,5,0,0,8,0,0.254
1434,10,4.48,3,0,0,5,0,0,15,0,0.255
1434,10,4.48,3,0,0,5,0,0,18,0,0.249
1434,10,4.48,3,0,0,5,0,0,22,0,0.242
1434,10,4.48,3,0,0,5,0,0,0,1,0.244
1434,10,4.48,3,0,0,5,0,0,0,5,0.239
1434,10,4.48,3,0,0,5,0,0,0,10,0.235
1434,10,4.48,3,0,0,5,0,0,0,13,0.225
1434,10,4.48,3,0,0,5,0,0,0,17,0.217
1434,10,4.48,3,0,0,5,0,0,0,20,0.211
1434,10,4.48,3,0,0,5,0,0,0,23,0.203
1434,10,4.48,3,16,0,5,0,0,0,0,0.231
1434,10,4.48,3,32,0,5,0,0,0,0,0.199
1434,10,4.48,3,48,0,5,0,0,0,0,0.156
1434,10,4.48,3,64,0,5,0,0,0,0,0.125
1434,10,4.48,3,70,0,5,0,0,0,0,0.119
1434,10,4.48,3,86,0,5,0,0,0,0,0.101
1434,10,4.48,3,100,0,5,0,0,0,0,0.099
1434,10,4.48,3,0,5,5,0,0,0,0,0.238
1434,10,4.48,3,0,10,5,0,0,0,0,0.217
1434,10,4.48,3,0,15,5,0,0,0,0,0.191
1434,10,4.48,3,0,20,5,0,0,0,0,0.178
1434,10,4.48,3,0,25,5,0,0,0,0,0.155
1434,10,4.48,3,0,30,5,0,0,0,0,0.141
