UV254(mJ cm-2),NH2Cl(mg/L),Fe3+ (mg/L),pH,NB (micromolar),TBA(mM),ONP(mg/L),HCO3-(mM),Cl-(mM),NO2-(mM),NO3-(mM),Kobs (min-1)
1170,0,0,3,0,0,5,0,0,0,0,0.0083
1170,0,0,3,0,0,5,2,0,0,0,0.0065
1170,0,0,3,0,0,5,0,2,0,0,0.0089
1170,0,0,3,0,0,5,0,0,2,0,0.0077
1170,0,0,3,0,0,5,0,0,0,2,0.0086
0,10,0,3,0,0,5,0,0,0,0,0.0067
0,10,0,3,0,0,5,2,0,0,0,0.0059
0,10,0,3,0,0,5,0,2,0,0,0.0074
0,10,0,3,0,0,5,0,0,2,0,0.0061
0,10,0,3,0,0,5,0,0,0,2,0.0075
0,10,9.1,3,0,0,5,0,0,0,0,0.0081
0,10,9.1,3,0,0,5,2,0,0,0,0.0073
0,10,9.1,3,0,0,5,0,2,0,0,0.0089
0,10,9.1,3,0,0,5,0,0,2,0,0.0069
0,10,9.1,3,0,0,5,0,0,0,2,0.0091
1170,10,0,3,0,0,5,0,0,0,0,0.0391
1170,10,0,3,0,0,5,2,0,0,0,0.0386
1170,10,0,3,0,0,5,0,2,0,0,0.0397
1170,10,0,3,0,0,5,0,0,2,0,0.0381
1170,10,0,3,0,0,5,0,0,0,2,0.0399
1170,0,9.1,3,0,0,5,0,0,0,0,0.0513
1170,0,9.1,3,0,0,5,2,0,0,0,0.0501
1170,0,9.1,3,0,0,5,0,2,0,0,0.0505
1170,0,9.1,3,0,0,5,0,0,2,0,0.05
1170,0,9.1,3,0,0,5,0,0,0,2,0.0519
1170,10,9.1,3,0,0,5,0,0,0,0,0.177
1170,10,9.1,3,20,0,5,0,0,0,0,0.13424
1170,10,9.1,3,40,0,5,0,0,0,0,0.08741
1170,10,9.1,3,60,0,5,0,0,0,0,0.07793
1170,10,9.1,3,80,0,5,0,0,0,0,0.0595
1170,10,9.1,3,100,0,5,0,0,0,0,0.0551
1170,5,9.1,3,0,0,5,0,0,0,0,0.111
1170,5,9.1,3,0,0,5,2,0,0,0,0.102
1170,5,9.1,3,0,0,5,0,2,0,0,0.113
1170,5,9.1,3,0,0,5,0,0,2,0,0.109
1170,5,9.1,3,0,0,5,0,0,0,2,0.117
1170,15,9.1,3,0,0,5,0,0,0,0,0.147
1170,15,9.1,3,0,0,5,2,0,0,0,0.14165
1170,15,9.1,3,0,0,5,0,2,0,0,0.149
1170,15,9.1,3,0,0,5,0,0,2,0,0.142
1170,15,9.1,3,0,0,5,0,0,0,2,0.156
1170,20,9.1,3,0,0,5,0,0,0,0,0.137
1170,20,9.1,3,0,0,5,2,0,0,0,0.1332
1170,20,9.1,3,0,0,5,0,2,0,0,0.14658
1170,20,9.1,3,0,0,5,0,0,2,0,0.1295
1170,20,9.1,3,0,0,5,0,0,0,2,0.15145
1170,10,0,3,0,0,5,0,0,0,0,0.0391
1170,10,1.137,3,0,0,5,0,0,0,0,0.0405
1170,10,1.137,3,0,0,5,2,0,0,0,0.0401
1170,10,1.137,3,0,0,5,0,2,0,0,0.0408
1170,10,1.137,3,0,0,5,0,0,2,0,0.0399
1170,10,1.137,3,0,0,5,0,0,0,2,0.0413
1170,10,4.55,3,0,0,5,0,0,0,0,0.105
1170,10,4.55,3,0,0,5,2,0,0,0,0.095
1170,10,4.55,3,0,0,5,0,2,0,0,0.108
1170,10,4.55,3,0,0,5,0,0,2,0,0.099
1170,10,4.55,3,0,0,5,0,0,0,2,0.113
1170,10,9.1,3,0,0,5,0,0,0,0,0.177
1170,10,9.1,3,0,0,5,2,0,0,0,0.172
1170,10,9.1,3,0,0,5,0,2,0,0,0.179
1170,10,9.1,3,0,0,5,0,0,2,0,0.169
1170,10,9.1,3,0,0,5,0,0,0,2,0.181
1170,10,18.2,3,0,0,5,0,0,0,0,0.114
1170,10,18.2,3,0,0,5,2,0,0,0,0.1012
1170,10,18.2,3,0,0,5,0,2,0,0,0.1032
1170,10,18.2,3,0,0,5,0,0,2,0,0.0978
1170,10,18.2,3,0,0,5,0,0,0,2,0.0992
1170,10,9.1,3,0,0,10,0,0,0,0,0.0731
1170,10,9.1,3,0,0,10,2,0,0,0,0.0715
1170,10,9.1,3,0,0,10,0,2,0,0,0.0742
1170,10,9.1,3,0,0,10,0,0,2,0,0.0722
1170,10,9.1,3,0,0,10,0,0,0,2,0.0741
1170,10,9.1,3,0,0,15,0,0,0,0,0.0422
1170,10,9.1,3,0,0,15,2,0,0,0,0.0417
1170,10,9.1,3,0,0,15,0,2,0,0,0.0429
1170,10,9.1,3,0,0,15,0,0,2,0,0.0411
1170,10,9.1,3,0,0,15,0,0,0,2,0.0441
1170,10,9.1,5,0,0,5,0,0,0,0,0.061
1170,10,9.1,5,0,0,5,2,0,0,0,0.05123
1170,10,9.1,5,0,0,5,0,2,0,0,0.06425
1170,10,9.1,5,0,0,5,0,0,2,0,0.05541
1170,10,9.1,5,0,0,5,0,0,0,2,0.0695
1170,10,9.1,7,0,0,5,0,0,0,0,0.027
1170,10,9.1,7,0,0,5,2,0,0,0,0.016
1170,10,9.1,7,0,0,5,0,2,0,0,0.0351
1170,10,9.1,7,0,0,5,0,0,2,0,0.022
1170,10,9.1,7,0,0,5,0,0,0,2,0.0372
1170,10,9.1,9,0,0,5,0,0,0,0,0.016
1170,10,9.1,9,0,0,5,2,0,0,0,0.009
1170,10,9.1,9,0,0,5,0,2,0,0,0.019
1170,10,9.1,9,0,0,5,0,0,2,0,0.011
1170,10,9.1,9,0,0,5,0,0,0,2,0.024
1170,10,9.1,3,0,0,5,2,0,0,0,0.154
1170,10,9.1,3,0,0,5,5,0,0,0,0.149
1170,10,9.1,3,0,0,5,6,0,0,0,0.145
1170,10,9.1,3,0,0,5,8,0,0,0,0.1395
1170,10,9.1,3,0,0,5,10,0,0,0,0.1353
1170,10,9.1,3,0,0,5,12,0,0,0,0.1203
1170,10,9.1,3,0,0,5,14,0,0,0,0.1165
1170,10,9.1,3,0,0,5,16,0,0,0,0.1063
1170,10,9.1,3,0,0,5,18,0,0,0,0.09562
1170,10,9.1,3,0,0,5,24,0,0,0,0.08123
1170,10,9.1,3,0,0,5,0,1,0,0,0.1811
1170,10,9.1,3,0,0,5,0,3,0,0,0.1853
1170,10,9.1,3,0,0,5,0,6,0,0,0.1875
1170,10,9.1,3,0,0,5,0,9,0,0,0.1652
1170,10,9.1,3,0,0,5,0,11,0,0,0.1642
1170,10,9.1,3,0,0,5,0,15,0,0,0.15845
1170,10,9.1,3,0,0,5,0,0,0,0,0.177
1170,10,9.1,3,0,0,5,0,0,1,0,0.144
1170,10,9.1,3,0,0,5,0,0,3,0,0.131
1170,10,9.1,3,0,0,5,0,0,5,0,0.123
1170,10,9.1,3,0,0,5,0,0,8,0,0.1121
1170,10,9.1,3,0,0,5,0,0,10,0,0.0974
1170,10,9.1,3,0,0,5,0,0,13,0,0.09421
1170,10,9.1,3,0,0,5,0,0,0,0,0.177
1170,10,9.1,3,0,0,5,0,0,0,3,0.184
1170,10,9.1,3,0,0,5,0,0,0,6,0.1912
1170,10,9.1,3,0,0,5,0,0,0,9,0.1992
1170,10,9.1,3,0,0,5,0,0,0,12,0.2003
1170,10,9.1,3,0,0,5,0,0,0,15,0.2005
1170,10,9.1,3,0,0,5,0,0,0,18,0.20653
1170,10,9.1,3,0,0,5,0,0,0,21,0.20013
1170,10,9.1,3,0,0,5,0,0,0,24,0.19652
1170,10,9.1,3,0,0,5,0,0,0,0,0.177
1170,10,9.1,3,0,4,5,0,0,0,0,0.08
1170,10,9.1,3,0,8,5,0,0,0,0,0.026
1170,10,9.1,3,0,12,5,0,0,0,0,0.024
1170,10,9.1,3,0,16,5,0,0,0,0,0.025
1638,0,0,3,0,0,5,0,0,0,0,0.0087
1638,0,0,3,0,0,5,2,0,0,0,0.007
1638,0,0,3,0,0,5,0,2,0,0,0.0095
1638,0,0,3,0,0,5,0,0,2,0,0.0079
1638,0,9.1,3,0,0,5,0,0,0,0,0.0519
1638,0,9.1,3,0,0,5,2,0,0,0,0.0512
1638,0,9.1,3,0,0,5,0,2,0,0,0.0521
1638,0,9.1,3,0,0,5,0,0,2,0,0.0511
1638,0,9.1,3,0,0,5,0,0,0,2,0.0525
1638,10,0,3,0,0,5,0,0,0,0,0.0398
1638,10,0,3,0,0,5,2,0,0,0,0.039
1638,10,0,3,0,0,5,0,2,0,0,0.0412
1638,10,0,3,0,0,5,0,0,2,0,0.0392
1638,10,0,3,0,0,5,0,0,0,2,0.041
1638,10,9.1,3,0,0,5,0,0,0,0,0.181
1638,10,9.1,3,0,0,5,2,0,0,0,0.169
1638,10,9.1,3,0,0,5,0,2,0,0,0.183
1638,10,9.1,3,0,0,5,0,0,2,0,0.165
1638,10,9.1,3,0,0,5,0,0,0,2,0.184
702,0,0,3,0,0,5,0,0,0,0,0.0045
702,0,0,3,0,0,5,2,0,0,0,0.0036
702,0,0,3,0,0,5,0,2,0,0,0.0048
702,0,0,3,0,0,5,0,0,2,0,0.004
702,0,0,3,0,0,5,0,0,0,2,0.0052
702,0,9.1,3,0,0,5,0,0,0,0,0.0405
702,0,9.1,3,0,0,5,2,0,0,0,0.0399
702,0,9.1,3,0,0,5,0,2,0,0,0.0411
702,0,9.1,3,0,0,5,0,0,2,0,0.0378
702,0,9.1,3,0,0,5,0,0,0,2,0.0415
702,10,0,3,0,0,5,0,0,0,0,0.0211
702,10,0,3,0,0,5,2,0,0,0,0.0236
702,10,0,3,0,0,5,0,2,0,0,0.0257
702,10,0,3,0,0,5,0,0,2,0,0.0232
702,10,0,3,0,0,5,0,0,0,2,0.0257
702,10,9.1,3,0,0,5,0,0,0,0,0.0914
702,10,9.1,3,0,0,5,2,0,0,0,0.0904
702,10,9.1,3,0,0,5,0,2,0,0,0.0923
702,10,9.1,3,0,0,5,0,0,2,0,0.0906
702,10,9.1,3,0,0,5,0,0,0,2,0.0926
1638,10,9.1,3,0,0,5,0,0,0,0,0.185
1638,10,9.1,3,0,0,5,6,0,0,0,0.171
1638,10,9.1,3,0,0,5,8,0,0,0,0.159
1638,10,9.1,3,0,0,5,10,0,0,0,0.152
1638,10,9.1,3,0,0,5,12,0,0,0,0.1402
1638,10,9.1,3,0,0,5,14,0,0,0,0.128
1638,10,9.1,3,0,0,5,16,0,0,0,0.122
1638,10,9.1,3,0,0,5,18,0,0,0,0.115
1638,10,9.1,3,0,0,5,24,0,0,0,0.101
1638,10,9.1,3,0,0,5,0,0,0,0,0.185
1638,10,9.1,3,0,0,5,0,1,0,0,0.186
1638,10,9.1,3,0,0,5,0,3,0,0,0.187
1638,10,9.1,3,0,0,5,0,6,0,0,0.193
1638,10,9.1,3,0,0,5,0,9,0,0,0.201
1638,10,9.1,3,0,0,5,0,11,0,0,0.203
1638,10,9.1,3,0,0,5,0,15,0,0,0.186
1638,10,9.1,3,0,0,5,0,0,0,0,0.185
1638,10,9.1,3,0,0,5,0,0,1,0,0.178
1638,10,9.1,3,0,0,5,0,0,3,0,0.171
1638,10,9.1,3,0,0,5,0,0,5,0,0.1652
1638,10,9.1,3,0,0,5,0,0,8,0,0.16
1638,10,9.1,3,0,0,5,0,0,10,0,0.155
1638,10,9.1,3,0,0,5,0,0,13,0,0.154
1638,10,9.1,3,0,0,5,0,0,0,0,0.185
1638,10,9.1,3,0,0,5,0,0,0,3,0.187
1638,10,9.1,3,0,0,5,0,0,0,6,0.191
1638,10,9.1,3,0,0,5,0,0,0,9,0.196
1638,10,9.1,3,0,0,5,0,0,0,12,0.199
1638,10,9.1,3,0,0,5,0,0,0,15,0.203
1638,10,9.1,3,0,0,5,0,0,0,18,0.201
1638,10,9.1,3,0,0,5,0,0,0,21,0.194
1638,10,9.1,3,0,0,5,0,0,0,24,0.181
1638,5,9.1,3,0,0,5,0,0,0,0,0.0995
1638,5,9.1,3,0,0,5,6,0,0,0,0.0989
1638,5,9.1,3,0,0,5,8,0,0,0,0.0978
1638,5,9.1,3,0,0,5,10,0,0,0,0.0971
1638,5,9.1,3,0,0,5,12,0,0,0,0.0964
1638,5,9.1,3,0,0,5,14,0,0,0,0.0958
1638,5,9.1,3,0,0,5,16,0,0,0,0.0949
1638,5,9.1,3,0,0,5,18,0,0,0,0.0939
1638,5,9.1,3,0,0,5,24,0,0,0,0.0925
1638,5,9.1,3,0,0,5,24,1,0,0,0.0931
1638,5,9.1,3,0,0,5,24,3,0,0,0.0941
1638,5,9.1,3,0,0,5,24,6,0,0,0.0944
1638,5,9.1,3,0,0,5,24,9,0,0,0.0949
1638,5,9.1,3,0,0,5,24,11,0,0,0.094
1638,5,9.1,3,0,0,5,24,15,0,0,0.0936
1638,5,9.1,3,0,0,5,0,0,0,0,0.0925
1638,5,9.1,3,0,0,5,0,0,1,0,0.0919
1638,5,9.1,3,0,0,5,0,0,3,0,0.0911
1638,5,9.1,3,0,0,5,0,0,5,0,0.0905
1638,5,9.1,3,0,0,5,0,0,8,0,0.0894
1638,5,9.1,3,0,0,5,0,0,10,0,0.0881
1638,5,9.1,3,0,0,5,0,0,13,0,0.088
1638,5,9.1,3,0,0,5,0,0,0,0,0.0925
1638,5,9.1,3,0,0,5,0,0,0,3,0.0929
1638,5,9.1,3,0,0,5,0,0,0,6,0.0939
1638,5,9.1,3,0,0,5,0,0,0,9,0.0946
1638,5,9.1,3,0,0,5,0,0,0,12,0.0956
1638,5,9.1,3,0,0,5,0,0,0,15,0.096
1638,5,9.1,3,0,0,5,0,0,0,18,0.096
1638,5,9.1,3,0,0,5,0,0,0,21,0.0958
1638,15,9.1,3,0,0,5,0,0,0,0,0.1281
1638,15,9.1,3,0,0,5,6,0,0,0,0.124
1638,15,9.1,3,0,0,5,8,0,0,0,0.112
1638,15,9.1,3,0,0,5,10,0,0,0,0.109
1638,15,9.1,3,0,0,5,12,0,0,0,0.102
1638,15,9.1,3,0,0,5,14,0,0,0,0.0956
1638,15,9.1,3,0,0,5,16,0,0,0,0.0825
1638,15,9.1,3,0,0,5,18,0,0,0,0.0712
1638,15,9.1,3,0,0,5,24,0,0,0,0.0711
1638,15,9.1,3,0,0,5,0,0,0,0,0.1281
1638,15,9.1,3,0,0,5,0,1,0,0,0.131
1638,15,9.1,3,0,0,5,0,3,0,0,0.136
1638,15,9.1,3,0,0,5,0,6,0,0,0.145
1638,15,9.1,3,0,0,5,0,9,0,0,0.149
1638,15,9.1,3,0,0,5,0,11,0,0,0.156
1638,15,9.1,3,0,0,5,0,15,0,0,0.144
1638,15,9.1,3,0,0,5,0,0,0,0,0.1281
1638,15,9.1,3,0,0,5,0,0,1,0,0.125
1638,15,9.1,3,0,0,5,0,0,3,0,0.12
1638,15,9.1,3,0,0,5,0,0,5,0,0.117
1638,15,9.1,3,0,0,5,0,0,8,0,0.105
1638,15,9.1,3,0,0,5,0,0,10,0,0.101
1638,15,9.1,3,0,0,5,0,0,13,0,0.0985
1638,15,9.1,3,0,0,5,0,0,0,0,0.1281
1638,15,9.1,3,0,0,5,0,0,0,3,0.131
1638,15,9.1,3,0,0,5,0,0,0,6,0.139
1638,15,9.1,3,0,0,5,0,0,0,9,0.146
1638,15,9.1,3,0,0,5,0,0,0,12,0.152
1638,15,9.1,3,0,0,5,0,0,0,15,0.155
1638,15,9.1,3,0,0,5,0,0,0,18,0.171
1638,15,9.1,3,0,0,5,0,0,0,21,0.165
1638,15,9.1,3,0,0,5,0,0,0,24,0.1602
1638,25,9.1,3,0,0,5,0,0,0,0,0.0962
1638,25,9.1,3,0,0,5,6,0,0,0,0.096
1638,25,9.1,3,0,0,5,8,0,0,0,0.0954
1638,25,9.1,3,0,0,5,10,0,0,0,0.09412
1638,25,9.1,3,0,0,5,12,0,0,0,0.0935
1638,25,9.1,3,0,0,5,14,0,0,0,0.0928
1638,25,9.1,3,0,0,5,16,0,0,0,0.0923
1638,25,9.1,3,0,0,5,18,0,0,0,0.0917
1638,25,9.1,3,0,0,5,24,0,0,0,0.0901
1638,25,9.1,3,0,0,5,0,0,0,0,0.0962
1638,25,9.1,3,0,0,5,0,1,0,0,0.0966
1638,25,9.1,3,0,0,5,0,3,0,0,0.0969
1638,25,9.1,3,0,0,5,0,6,0,0,0.0977
1638,25,9.1,3,0,0,5,0,9,0,0,0.0976
1638,25,9.1,3,0,0,5,0,11,0,0,0.0965
1638,25,9.1,3,0,0,5,0,15,0,0,0.0964
1638,25,9.1,3,0,0,5,0,0,0,0,0.0962
1638,25,9.1,3,0,0,5,0,0,1,0,0.0959
1638,25,9.1,3,0,0,5,0,0,3,0,0.0951
1638,25,9.1,3,0,0,5,0,0,5,0,0.0942
1638,25,9.1,3,0,0,5,0,0,8,0,0.0935
1638,25,9.1,3,0,0,5,0,0,10,0,0.0931
1638,25,9.1,3,0,0,5,0,0,13,0,0.0925
1638,25,9.1,3,0,0,5,0,0,0,0,0.0962
1638,25,9.1,3,0,0,5,0,0,0,3,0.0966
1638,25,9.1,3,0,0,5,0,0,0,6,0.0974
1638,25,9.1,3,0,0,5,0,0,0,9,0.0982
1638,25,9.1,3,0,0,5,0,0,0,12,0.0989
1638,25,9.1,3,0,0,5,0,0,0,15,0.099
1638,25,9.1,3,0,0,5,0,0,0,18,0.0995
1638,25,9.1,3,0,0,5,0,0,0,21,0.0985
1638,25,9.1,3,0,0,5,0,0,0,24,0.0978
1638,10,9.1,3,0,0,5,0,0,0,0,0.185
1638,10,9.1,3,0,0,10,0,0,0,0,0.0949
1638,10,9.1,3,0,0,10,2,0,0,0,0.0946
1638,10,9.1,3,0,0,10,0,2,0,0,0.0951
1638,10,9.1,3,0,0,10,0,0,2,0,0.0946
1638,10,9.1,3,0,0,10,0,0,0,2,0.0953
1638,10,9.1,3,0,0,10,0,0,0,0,0.0949
1638,10,9.1,3,0,0,10,6,0,0,0,0.0944
1638,10,9.1,3,0,0,10,8,0,0,0,0.0934
1638,10,9.1,3,0,0,10,10,0,0,0,0.093
1638,10,9.1,3,0,0,10,12,0,0,0,0.0925
1638,10,9.1,3,0,0,10,14,0,0,0,0.0917
1638,10,9.1,3,0,0,10,16,0,0,0,0.0915
1638,10,9.1,3,0,0,10,18,0,0,0,0.0911
1638,10,9.1,3,0,0,10,24,0,0,0,0.0907
1638,10,9.1,3,0,0,10,0,0,0,0,0.0949
1638,10,9.1,3,0,0,10,0,1,0,0,0.0956
1638,10,9.1,3,0,0,10,0,3,0,0,0.0962
1638,10,9.1,3,0,0,10,0,6,0,0,0.0967
1638,10,9.1,3,0,0,10,0,9,0,0,0.097
1638,10,9.1,3,0,0,10,0,11,0,0,0.0955
1638,10,9.1,3,0,0,10,0,15,0,0,0.0945
1638,10,9.1,3,0,0,10,0,0,0,0,0.0949
1638,10,9.1,3,0,0,10,0,0,1,0,0.0942
1638,10,9.1,3,0,0,10,0,0,3,0,0.0933
1638,10,9.1,3,0,0,10,0,0,5,0,0.0929
1638,10,9.1,3,0,0,10,0,0,8,0,0.0925
1638,10,9.1,3,0,0,10,0,0,10,0,0.0921
1638,10,9.1,3,0,0,10,0,0,13,0,0.0916
1638,10,9.1,3,0,0,10,0,0,0,0,0.0949
1638,10,9.1,3,0,0,10,0,0,0,3,0.0951
1638,10,9.1,3,0,0,10,0,0,0,6,0.0957
1638,10,9.1,3,0,0,10,0,0,0,9,0.0966
1638,10,9.1,3,0,0,10,0,0,0,12,0.0973
1638,10,9.1,3,0,0,10,0,0,0,15,0.0974
1638,10,9.1,3,0,0,10,0,0,0,18,0.0966
1638,10,9.1,3,0,0,10,0,0,0,21,0.0955
1638,10,9.1,3,0,0,10,0,0,0,24,0.0945
1638,10,9.1,3,0,0,15,0,0,0,0,0.0715
1638,10,9.1,3,0,0,15,6,0,0,0,0.0711
1638,10,9.1,3,0,0,15,8,0,0,0,0.0707
1638,10,9.1,3,0,0,15,10,0,0,0,0.0701
1638,10,9.1,3,0,0,15,12,0,0,0,0.0694
1638,10,9.1,3,0,0,15,14,0,0,0,0.0685
1638,10,9.1,3,0,0,15,16,0,0,0,0.0678
1638,10,9.1,3,0,0,15,18,0,0,0,0.0665
1638,10,9.1,3,0,0,15,24,0,0,0,0.065
1638,10,9.1,3,0,0,15,0,1,0,0,0.0719
1638,10,9.1,3,0,0,15,0,3,0,0,0.0725
1638,10,9.1,3,0,0,15,0,6,0,0,0.0731
1638,10,9.1,3,0,0,15,0,9,0,0,0.0735
1638,10,9.1,3,0,0,15,0,11,0,0,0.0734
1638,10,9.1,3,0,0,15,0,15,0,0,0.0722
1638,10,9.1,3,0,0,15,0,0,0,0,0.0715
1638,10,9.1,3,0,0,15,0,0,1,0,0.0713
1638,10,9.1,3,0,0,15,0,0,3,0,0.0707
1638,10,9.1,3,0,0,15,0,0,5,0,0.0702
1638,10,9.1,3,0,0,15,0,0,8,0,0.0694
1638,10,9.1,3,0,0,15,0,0,10,0,0.0688
1638,10,9.1,3,0,0,15,0,0,13,0,0.0679
1638,10,9.1,3,0,0,15,0,0,0,0,0.0715
1638,10,9.1,3,0,0,15,0,0,0,3,0.0718
1638,10,9.1,3,0,0,15,0,0,0,6,0.073
1638,10,9.1,3,0,0,15,0,0,0,9,0.0739
1638,10,9.1,3,0,0,15,0,0,0,12,0.0743
1638,10,9.1,3,0,0,15,0,0,0,15,0.0749
1638,10,9.1,3,0,0,15,0,0,0,18,0.075
1638,10,9.1,3,0,0,15,0,0,0,21,0.0744
1638,10,9.1,3,0,0,15,0,0,0,24,0.0735
1638,10,9.1,5,0,0,5,0,0,0,0,0.082
1638,10,9.1,5,0,0,5,6,0,0,0,0.077
1638,10,9.1,5,0,0,5,8,0,0,0,0.072
1638,10,9.1,5,0,0,5,10,0,0,0,0.064
1638,10,9.1,5,0,0,5,12,0,0,0,0.053
1638,10,9.1,5,0,0,5,14,0,0,0,0.043
1638,10,9.1,5,0,0,5,16,0,0,0,0.042
1638,10,9.1,5,0,0,5,18,0,0,0,0.039
1638,10,9.1,5,0,0,5,24,0,0,0,0.03
1638,10,9.1,5,0,0,5,0,0,0,0,0.082
1638,10,9.1,5,0,0,5,0,1,0,0,0.085
1638,10,9.1,5,0,0,5,0,3,0,0,0.088
1638,10,9.1,5,0,0,5,0,6,0,0,0.095
1638,10,9.1,5,0,0,5,0,9,0,0,0.099
1638,10,9.1,5,0,0,5,0,11,0,0,0.098
1638,10,9.1,5,0,0,5,0,15,0,0,0.093
1638,10,9.1,5,0,0,5,0,0,0,0,0.082
1638,10,9.1,5,0,0,5,0,0,1,0,0.078
1638,10,9.1,5,0,0,5,0,0,3,0,0.074
1638,10,9.1,5,0,0,5,0,0,5,0,0.069
1638,10,9.1,5,0,0,5,0,0,8,0,0.066
1638,10,9.1,5,0,0,5,0,0,10,0,0.063
1638,10,9.1,5,0,0,5,0,0,13,0,0.059
1638,10,9.1,5,0,0,5,0,0,0,0,0.082
1638,10,9.1,5,0,0,5,0,0,0,3,0.088
1638,10,9.1,5,0,0,5,0,0,0,6,0.094
1638,10,9.1,5,0,0,5,0,0,0,9,0.097
1638,10,9.1,5,0,0,5,0,0,0,12,0.099
1638,10,9.1,5,0,0,5,0,0,0,15,0.105
1638,10,9.1,5,0,0,5,0,0,0,18,0.105
1638,10,9.1,5,0,0,5,0,0,0,21,0.104
1638,10,9.1,5,0,0,5,0,0,0,24,0.099
1638,10,9.1,7,0,0,5,0,0,0,0,0.047
1638,10,9.1,7,0,0,5,6,0,0,0,0.043
1638,10,9.1,7,0,0,5,8,0,0,0,0.039
1638,10,9.1,7,0,0,5,10,0,0,0,0.033
1638,10,9.1,7,0,0,5,12,0,0,0,0.027
1638,10,9.1,7,0,0,5,14,0,0,0,0.024
1638,10,9.1,7,0,0,5,16,0,0,0,0.022
1638,10,9.1,7,0,0,5,18,0,0,0,0.017
1638,10,9.1,7,0,0,5,24,0,0,0,0.011
1638,10,9.1,7,0,0,5,0,0,0,0,0.047
1638,10,9.1,7,0,0,5,0,1,0,0,0.052
1638,10,9.1,7,0,0,5,0,3,0,0,0.054
1638,10,9.1,7,0,0,5,0,6,0,0,0.061
1638,10,9.1,7,0,0,5,0,9,0,0,0.065
1638,10,9.1,7,0,0,5,0,11,0,0,0.066
1638,10,9.1,7,0,0,5,0,15,0,0,0.063
1638,10,9.1,7,0,0,5,0,0,0,0,0.047
1638,10,9.1,7,0,0,5,0,0,1,0,0.041
1638,10,9.1,7,0,0,5,0,0,3,0,0.036
1638,10,9.1,7,0,0,5,0,0,5,0,0.028
1638,10,9.1,7,0,0,5,0,0,8,0,0.021
1638,10,9.1,7,0,0,5,0,0,10,0,0.02
1638,10,9.1,7,0,0,5,0,0,13,0,0.0117
1638,10,9.1,7,0,0,5,0,0,0,0,0.047
1638,10,9.1,7,0,0,5,0,0,0,3,0.053
1638,10,9.1,7,0,0,5,0,0,0,6,0.057
1638,10,9.1,7,0,0,5,0,0,0,9,0.065
1638,10,9.1,7,0,0,5,0,0,0,12,0.069
1638,10,9.1,7,0,0,5,0,0,0,15,0.071
1638,10,9.1,7,0,0,5,0,0,0,18,0.072
1638,10,9.1,7,0,0,5,0,0,0,21,0.065
1638,10,9.1,7,0,0,5,0,0,0,24,0.061
1638,10,9.1,9,0,0,5,0,0,0,0,0.033
1638,10,9.1,9,0,0,5,6,0,0,0,0.027
1638,10,9.1,9,0,0,5,8,0,0,0,0.022
1638,10,9.1,9,0,0,5,10,0,0,0,0.017
1638,10,9.1,9,0,0,5,12,0,0,0,0.011
1638,10,9.1,9,0,0,5,14,0,0,0,0.0105
1638,10,9.1,9,0,0,5,16,0,0,0,0.0104
1638,10,9.1,9,0,0,5,18,0,0,0,0.0102
1638,10,9.1,9,0,0,5,24,0,0,0,0.0101
1638,10,9.1,9,0,0,5,0,0,0,0,0.033
1638,10,9.1,9,0,0,5,0,1,0,0,0.035
1638,10,9.1,9,0,0,5,0,3,0,0,0.039
1638,10,9.1,9,0,0,5,0,6,0,0,0.041
1638,10,9.1,9,0,0,5,0,9,0,0,0.042
1638,10,9.1,9,0,0,5,0,11,0,0,0.043
1638,10,9.1,9,0,0,5,0,15,0,0,0.039
1638,10,9.1,9,0,0,5,0,0,0,0,0.033
1638,10,9.1,9,0,0,5,0,0,1,0,0.029
1638,10,9.1,9,0,0,5,0,0,3,0,0.026
1638,10,9.1,9,0,0,5,0,0,5,0,0.024
1638,10,9.1,9,0,0,5,0,0,8,0,0.021
1638,10,9.1,9,0,0,5,0,0,10,0,0.0117
1638,10,9.1,9,0,0,5,0,0,13,0,0.0115
1638,10,9.1,9,0,0,5,0,0,0,0,0.033
1638,10,9.1,9,0,0,5,0,0,0,3,0.041
1638,10,9.1,9,0,0,5,0,0,0,6,0.045
1638,10,9.1,9,0,0,5,0,0,0,9,0.052
1638,10,9.1,9,0,0,5,0,0,0,12,0.054
1638,10,9.1,9,0,0,5,0,0,0,15,0.056
1638,10,9.1,9,0,0,5,0,0,0,18,0.062
1638,10,9.1,9,0,0,5,0,0,0,21,0.061
1638,10,9.1,9,0,0,5,0,0,0,24,0.056
702,10,9.1,3,0,0,5,0,0,0,0,0.0914
702,10,9.1,3,0,0,5,6,0,0,0,0.0911
702,10,9.1,3,0,0,5,8,0,0,0,0.0905
702,10,9.1,3,0,0,5,10,0,0,0,0.0901
702,10,9.1,3,0,0,5,12,0,0,0,0.0896
702,10,9.1,3,0,0,5,14,0,0,0,0.0884
702,10,9.1,3,0,0,5,16,0,0,0,0.0878
702,10,9.1,3,0,0,5,18,0,0,0,0.0874
702,10,9.1,3,0,0,5,24,0,0,0,0.0869
702,10,9.1,3,0,0,5,0,0,0,0,0.0914
702,10,9.1,3,0,0,5,0,1,0,0,0.0917
702,10,9.1,3,0,0,5,0,3,0,0,0.0921
702,10,9.1,3,0,0,5,0,6,0,0,0.0925
702,10,9.1,3,0,0,5,0,9,0,0,0.093
702,10,9.1,3,0,0,5,0,11,0,0,0.0928
702,10,9.1,3,0,0,5,0,15,0,0,0.0924
702,10,9.1,3,0,0,5,0,0,0,0,0.0914
702,10,9.1,3,0,0,5,0,0,1,0,0.0913
702,10,9.1,3,0,0,5,0,0,3,0,0.0909
702,10,9.1,3,0,0,5,0,0,5,0,0.0904
702,10,9.1,3,0,0,5,0,0,8,0,0.0901
702,10,9.1,3,0,0,5,0,0,10,0,0.0897
702,10,9.1,3,0,0,5,0,0,13,0,0.0892
702,10,9.1,3,0,0,5,0,0,0,0,0.0914
702,10,9.1,3,0,0,5,0,0,0,3,0.0919
702,10,9.1,3,0,0,5,0,0,0,6,0.0924
702,10,9.1,3,0,0,5,0,0,0,9,0.0929
702,10,9.1,3,0,0,5,0,0,0,12,0.0931
702,10,9.1,3,0,0,5,0,0,0,15,0.0935
702,10,9.1,3,0,0,5,0,0,0,18,0.0937
702,10,9.1,3,0,0,5,0,0,0,21,0.0934
702,10,9.1,3,0,0,5,0,0,0,24,0.0932
702,5,9.1,3,0,0,5,0,0,0,0,0.0423
702,5,9.1,3,0,0,5,6,0,0,0,0.0419
702,5,9.1,3,0,0,5,8,0,0,0,0.0416
702,5,9.1,3,0,0,5,10,0,0,0,0.0411
702,5,9.1,3,0,0,5,12,0,0,0,0.0405
702,5,9.1,3,0,0,5,14,0,0,0,0.0401
702,5,9.1,3,0,0,5,16,0,0,0,0.0396
702,5,9.1,3,0,0,5,18,0,0,0,0.039
702,5,9.1,3,0,0,5,24,0,0,0,0.0384
702,5,9.1,3,0,0,5,0,0,0,0,0.0423
702,5,9.1,3,0,0,5,0,1,0,0,0.0425
702,5,9.1,3,0,0,5,0,3,0,0,0.0429
702,5,9.1,3,0,0,5,0,6,0,0,0.0435
702,5,9.1,3,0,0,5,0,9,0,0,0.0441
702,5,9.1,3,0,0,5,0,11,0,0,0.0441
702,5,9.1,3,0,0,5,0,15,0,0,0.0435
702,5,9.1,3,0,0,5,0,0,0,0,0.0423
702,5,9.1,3,0,0,5,0,0,1,0,0.0421
702,5,9.1,3,0,0,5,0,0,3,0,0.0416
702,5,9.1,3,0,0,5,0,0,5,0,0.0413
702,5,9.1,3,0,0,5,0,0,8,0,0.0407
702,5,9.1,3,0,0,5,0,0,10,0,0.0401
702,5,9.1,3,0,0,5,0,0,13,0,0.0395
702,5,9.1,3,0,0,5,0,0,0,0,0.0423
702,5,9.1,3,0,0,5,0,0,0,3,0.0427
702,5,9.1,3,0,0,5,0,0,0,6,0.04231
702,5,9.1,3,0,0,5,0,0,0,9,0.0438
702,5,9.1,3,0,0,5,0,0,0,12,0.0441
702,5,9.1,3,0,0,5,0,0,0,15,0.0445
702,5,9.1,3,0,0,5,0,0,0,18,0.0451
702,5,9.1,3,0,0,5,0,0,0,21,0.0452
702,5,9.1,3,0,0,5,0,0,0,24,0.044
702,15,9.1,3,0,0,5,0,0,0,0,0.0898
702,15,9.1,3,0,0,5,6,0,0,0,0.0894
702,15,9.1,3,0,0,5,8,0,0,0,0.0885
702,15,9.1,3,0,0,5,10,0,0,0,0.0875
702,15,9.1,3,0,0,5,12,0,0,0,0.0864
702,15,9.1,3,0,0,5,14,0,0,0,0.0855
702,15,9.1,3,0,0,5,16,0,0,0,0.0845
702,15,9.1,3,0,0,5,18,0,0,0,0.0841
702,15,9.1,3,0,0,5,24,0,0,0,0.0835
702,15,9.1,3,0,0,5,0,0,0,0,0.0898
702,15,9.1,3,0,0,5,0,1,0,0,0.09
702,15,9.1,3,0,0,5,0,3,0,0,0.0902
702,15,9.1,3,0,0,5,0,6,0,0,0.0906
702,15,9.1,3,0,0,5,0,9,0,0,0.0908
702,15,9.1,3,0,0,5,0,11,0,0,0.0911
702,15,9.1,3,0,0,5,0,15,0,0,0.0905
702,15,9.1,3,0,0,5,0,0,0,0,0.0898
702,15,9.1,3,0,0,5,0,0,1,0,0.0894
702,15,9.1,3,0,0,5,0,0,3,0,0.0882
702,15,9.1,3,0,0,5,0,0,5,0,0.0871
702,15,9.1,3,0,0,5,0,0,8,0,0.0864
702,15,9.1,3,0,0,5,0,0,10,0,0.0861
702,15,9.1,3,0,0,5,0,0,13,0,0.0859
702,15,9.1,3,0,0,5,0,0,0,0,0.0898
702,15,9.1,3,0,0,5,0,0,0,3,0.0903
702,15,9.1,3,0,0,5,0,0,0,6,0.0909
702,15,9.1,3,0,0,5,0,0,0,9,0.0915
702,15,9.1,3,0,0,5,0,0,0,12,0.0917
702,15,9.1,3,0,0,5,0,0,0,15,0.0921
702,15,9.1,3,0,0,5,0,0,0,18,0.0925
702,15,9.1,3,0,0,5,0,0,0,21,0.0931
702,15,9.1,3,0,0,5,0,0,0,24,0.0921
702,20,9.1,3,0,0,5,0,0,0,0,0.0816
702,20,9.1,3,0,0,5,6,0,0,0,0.0811
702,20,9.1,3,0,0,5,8,0,0,0,0.0806
702,20,9.1,3,0,0,5,10,0,0,0,0.0801
702,20,9.1,3,0,0,5,12,0,0,0,0.0794
702,20,9.1,3,0,0,5,14,0,0,0,0.0785
702,20,9.1,3,0,0,5,16,0,0,0,0.0781
702,20,9.1,3,0,0,5,18,0,0,0,0.0775
702,20,9.1,3,0,0,5,24,0,0,0,0.0762
702,15,9.1,3,0,0,5,0,0,0,0,0.0816
702,15,9.1,3,0,0,5,0,1,0,0,0.0818
702,15,9.1,3,0,0,5,0,3,0,0,0.0819
702,15,9.1,3,0,0,5,0,6,0,0,0.0822
702,15,9.1,3,0,0,5,0,9,0,0,0.0824
702,15,9.1,3,0,0,5,0,11,0,0,0.0819
702,15,9.1,3,0,0,5,0,15,0,0,0.0814
702,15,9.1,3,0,0,5,0,0,0,0,0.0816
702,15,9.1,3,0,0,5,0,0,1,0,0.0811
702,15,9.1,3,0,0,5,0,0,3,0,0.0804
702,15,9.1,3,0,0,5,0,0,5,0,0.0799
702,15,9.1,3,0,0,5,0,0,8,0,0.0793
702,15,9.1,3,0,0,5,0,0,10,0,0.0789
702,15,9.1,3,0,0,5,0,0,13,0,0.0784
702,15,9.1,3,0,0,5,0,0,0,0,0.0816
702,15,9.1,3,0,0,5,0,0,0,3,0.0819
702,15,9.1,3,0,0,5,0,0,0,6,0.0823
702,15,9.1,3,0,0,5,0,0,0,9,0.0829
702,15,9.1,3,0,0,5,0,0,0,12,0.0835
702,15,9.1,3,0,0,5,0,0,0,15,0.0841
702,15,9.1,3,0,0,5,0,0,0,18,0.0847
702,15,9.1,3,0,0,5,0,0,0,21,0.0853
702,15,9.1,3,0,0,5,0,0,0,24,0.0844
702,20,9.1,3,0,0,5,0,0,0,0,0.0745
702,20,9.1,3,0,0,5,6,0,0,0,0.0739
702,20,9.1,3,0,0,5,8,0,0,0,0.0736
702,20,9.1,3,0,0,5,10,0,0,0,0.0729
702,20,9.1,3,0,0,5,12,0,0,0,0.0725
702,20,9.1,3,0,0,5,14,0,0,0,0.0721
702,20,9.1,3,0,0,5,16,0,0,0,0.0714
702,20,9.1,3,0,0,5,18,0,0,0,0.0711
702,20,9.1,3,0,0,5,24,0,0,0,0.0701
702,20,9.1,3,0,0,5,0,0,0,0,0.0745
702,20,9.1,3,0,0,5,0,1,0,0,0.0748
702,20,9.1,3,0,0,5,0,3,0,0,0.075
702,20,9.1,3,0,0,5,0,6,0,0,0.0752
702,20,9.1,3,0,0,5,0,9,0,0,0.0756
702,20,9.1,3,0,0,5,0,11,0,0,0.0758
702,20,9.1,3,0,0,5,0,15,0,0,0.0745
702,20,9.1,3,0,0,5,0,0,0,0,0.0745
702,20,9.1,3,0,0,5,0,0,1,0,0.0741
702,20,9.1,3,0,0,5,0,0,3,0,0.0735
702,20,9.1,3,0,0,5,0,0,5,0,0.0724
702,20,9.1,3,0,0,5,0,0,8,0,0.0719
702,20,9.1,3,0,0,5,0,0,10,0,0.0714
702,20,9.1,3,0,0,5,0,0,13,0,0.0703
702,20,9.1,3,0,0,5,0,0,0,0,0.0745
702,20,9.1,3,0,0,5,0,0,0,3,0.0751
702,20,9.1,3,0,0,5,0,0,0,6,0.0755
702,20,9.1,3,0,0,5,0,0,0,9,0.0757
702,20,9.1,3,0,0,5,0,0,0,12,0.0761
702,20,9.1,3,0,0,5,0,0,0,15,0.0764
702,20,9.1,3,0,0,5,0,0,0,18,0.0769
702,20,9.1,3,0,0,5,0,0,0,21,0.0755
702,20,9.1,3,0,0,5,0,0,0,24,0.0751
702,25,9.1,3,0,0,5,0,0,0,0,0.0621
702,25,9.1,3,0,0,5,6,0,0,0,0.0617
702,25,9.1,3,0,0,5,8,0,0,0,0.0613
702,25,9.1,3,0,0,5,10,0,0,0,0.0604
702,25,9.1,3,0,0,5,12,0,0,0,0.0598
702,25,9.1,3,0,0,5,14,0,0,0,0.0593
702,25,9.1,3,0,0,5,16,0,0,0,0.0589
702,25,9.1,3,0,0,5,18,0,0,0,0.0585
702,25,9.1,3,0,0,5,24,0,0,0,0.0578
702,25,9.1,3,0,0,5,0,0,0,0,0.0621
702,25,9.1,3,0,0,5,0,1,0,0,0.0623
702,25,9.1,3,0,0,5,0,3,0,0,0.0624
702,25,9.1,3,0,0,5,0,6,0,0,0.0629
702,25,9.1,3,0,0,5,0,9,0,0,0.0631
702,25,9.1,3,0,0,5,0,11,0,0,0.0629
702,25,9.1,3,0,0,5,0,15,0,0,0.0619
702,25,9.1,3,0,0,5,0,0,0,0,0.0621
702,25,9.1,3,0,0,5,0,0,1,0,0.0618
702,25,9.1,3,0,0,5,0,0,3,0,0.0614
702,25,9.1,3,0,0,5,0,0,5,0,0.061
702,25,9.1,3,0,0,5,0,0,8,0,0.0603
702,25,9.1,3,0,0,5,0,0,10,0,0.0595
702,25,9.1,3,0,0,5,0,0,13,0,0.0591
702,25,9.1,3,0,0,5,0,0,0,0,0.0621
702,25,9.1,3,0,0,5,0,0,0,3,0.0624
702,25,9.1,3,0,0,5,0,0,0,6,0.063
702,25,9.1,3,0,0,5,0,0,0,9,0.0633
702,25,9.1,3,0,0,5,0,0,0,12,0.0637
702,25,9.1,3,0,0,5,0,0,0,15,0.0639
702,25,9.1,3,0,0,5,0,0,0,18,0.0635
702,25,9.1,3,0,0,5,0,0,0,21,0.0631
702,25,9.1,3,0,0,5,0,0,0,24,0.063
702,10,0,3,0,0,5,0,0,0,0,0.0211
702,10,1.12,3,0,0,5,0,0,0,0,0.0313
702,10,1.12,3,0,0,5,6,0,0,0,0.031
702,10,1.12,3,0,0,5,8,0,0,0,0.0307
702,10,1.12,3,0,0,5,10,0,0,0,0.0304
702,10,1.12,3,0,0,5,12,0,0,0,0.0299
702,10,1.12,3,0,0,5,14,0,0,0,0.0294
702,10,1.12,3,0,0,5,16,0,0,0,0.0289
702,10,1.12,3,0,0,5,18,0,0,0,0.0284
702,10,1.12,3,0,0,5,24,0,0,0,0.0278
702,10,1.12,3,0,0,5,0,0,0,0,0.0313
702,10,1.12,3,0,0,5,0,1,0,0,0.0314
702,10,1.12,3,0,0,5,0,3,0,0,0.0317
702,10,1.12,3,0,0,5,0,6,0,0,0.0321
702,10,1.12,3,0,0,5,0,9,0,0,0.0324
702,10,1.12,3,0,0,5,0,11,0,0,0.0326
702,10,1.12,3,0,0,5,0,15,0,0,0.0322
702,10,1.12,3,0,0,5,0,0,0,0,0.0313
702,10,1.12,3,0,0,5,0,0,1,0,0.0309
702,10,1.12,3,0,0,5,0,0,3,0,0.0303
702,10,1.12,3,0,0,5,0,0,5,0,0.0298
702,10,1.12,3,0,0,5,0,0,8,0,0.0294
702,10,1.12,3,0,0,5,0,0,10,0,0.0287
702,10,1.12,3,0,0,5,0,0,13,0,0.0283
702,10,1.12,3,0,0,5,0,0,0,0,0.0313
702,10,1.12,3,0,0,5,0,0,0,3,0.0316
702,10,1.12,3,0,0,5,0,0,0,6,0.0321
702,10,1.12,3,0,0,5,0,0,0,9,0.0322
702,10,1.12,3,0,0,5,0,0,0,12,0.0325
702,10,1.12,3,0,0,5,0,0,0,15,0.0327
702,10,1.12,3,0,0,5,0,0,0,18,0.0328
702,10,1.12,3,0,0,5,0,0,0,21,0.0325
702,10,1.12,3,0,0,5,0,0,0,24,0.0321
702,10,4.55,3,0,0,5,0,0,0,0,0.0514
702,10,4.55,3,0,0,5,6,0,0,0,0.0511
702,10,4.55,3,0,0,5,8,0,0,0,0.0507
702,10,4.55,3,0,0,5,10,0,0,0,0.0502
702,10,4.55,3,0,0,5,12,0,0,0,0.0496
702,10,4.55,3,0,0,5,14,0,0,0,0.049
702,10,4.55,3,0,0,5,16,0,0,0,0.0487
702,10,4.55,3,0,0,5,18,0,0,0,0.048
702,10,4.55,3,0,0,5,24,0,0,0,0.0475
702,10,4.55,3,0,0,5,0,0,0,0,0.0514
702,10,4.55,3,0,0,5,0,1,0,0,0.0517
702,10,4.55,3,0,0,5,0,3,0,0,0.0521
702,10,4.55,3,0,0,5,0,6,0,0,0.0526
702,10,4.55,3,0,0,5,0,9,0,0,0.0532
702,10,4.55,3,0,0,5,0,11,0,0,0.0529
702,10,4.55,3,0,0,5,0,15,0,0,0.0523
702,10,4.55,3,0,0,5,0,0,0,0,0.0514
702,10,4.55,3,0,0,5,0,0,1,0,0.0509
702,10,4.55,3,0,0,5,0,0,3,0,0.0506
702,10,4.55,3,0,0,5,0,0,5,0,0.0502
702,10,4.55,3,0,0,5,0,0,8,0,0.0496
702,10,4.55,3,0,0,5,0,0,10,0,0.0492
702,10,4.55,3,0,0,5,0,0,13,0,0.0487
702,10,4.55,3,0,0,5,0,0,0,0,0.0514
702,10,4.55,3,0,0,5,0,0,0,3,0.0518
702,10,4.55,3,0,0,5,0,0,0,6,0.0521
702,10,4.55,3,0,0,5,0,0,0,9,0.0528
702,10,4.55,3,0,0,5,0,0,0,12,0.0531
702,10,4.55,3,0,0,5,0,0,0,15,0.0534
702,10,4.55,3,0,0,5,0,0,0,18,0.0536
702,10,4.55,3,0,0,5,0,0,0,21,0.0532
702,10,4.55,3,0,0,5,0,0,0,24,0.0525
702,10,18.2,3,0,0,5,0,0,0,0,0.0659
702,10,18.2,3,0,0,5,6,0,0,0,0.0651
702,10,18.2,3,0,0,5,8,0,0,0,0.0642
702,10,18.2,3,0,0,5,10,0,0,0,0.0635
702,10,18.2,3,0,0,5,12,0,0,0,0.063
702,10,18.2,3,0,0,5,14,0,0,0,0.0629
702,10,18.2,3,0,0,5,16,0,0,0,0.0627
702,10,18.2,3,0,0,5,18,0,0,0,0.0624
702,10,18.2,3,0,0,5,24,0,0,0,0.0617
702,10,18.2,3,0,0,5,0,0,0,0,0.0659
702,10,18.2,3,0,0,5,0,1,0,0,0.0661
702,10,18.2,3,0,0,5,0,3,0,0,0.0663
702,10,18.2,3,0,0,5,0,6,0,0,0.067
702,10,18.2,3,0,0,5,0,9,0,0,0.0673
702,10,18.2,3,0,0,5,0,11,0,0,0.0675
702,10,18.2,3,0,0,5,0,15,0,0,0.066
702,10,18.2,3,0,0,5,0,0,0,0,0.0659
702,10,18.2,3,0,0,5,0,0,1,0,0.0654
702,10,18.2,3,0,0,5,0,0,3,0,0.0649
702,10,18.2,3,0,0,5,0,0,5,0,0.0642
702,10,18.2,3,0,0,5,0,0,8,0,0.0636
702,10,18.2,3,0,0,5,0,0,10,0,0.0632
702,10,18.2,3,0,0,5,0,0,13,0,0.0624
702,10,18.2,3,0,0,5,0,0,0,0,0.0659
702,10,18.2,3,0,0,5,0,0,0,3,0.0663
702,10,18.2,3,0,0,5,0,0,0,6,0.0667
702,10,18.2,3,0,0,5,0,0,0,9,0.0671
702,10,18.2,3,0,0,5,0,0,0,12,0.0675
702,10,18.2,3,0,0,5,0,0,0,15,0.0682
702,10,18.2,3,0,0,5,0,0,0,18,0.0687
702,10,18.2,3,0,0,5,0,0,0,21,0.0678
702,10,18.2,3,0,0,5,0,0,0,24,0.066
702,10,9.1,3,0,0,10,0,0,0,0,0.0624
702,10,9.1,3,0,0,10,6,0,0,0,0.0619
702,10,9.1,3,0,0,10,8,0,0,0,0.0617
702,10,9.1,3,0,0,10,10,0,0,0,0.0613
702,10,9.1,3,0,0,10,12,0,0,0,0.0609
702,10,9.1,3,0,0,10,14,0,0,0,0.0604
702,10,9.1,3,0,0,10,16,0,0,0,0.0603
702,10,9.1,3,0,0,10,18,0,0,0,0.0597
702,10,9.1,3,0,0,10,24,0,0,0,0.0592
702,10,9.1,3,0,0,10,0,0,0,0,0.0624
702,10,9.1,3,0,0,10,0,1,0,0,0.0626
702,10,9.1,3,0,0,10,0,3,0,0,0.0629
702,10,9.1,3,0,0,10,0,6,0,0,0.0635
702,10,9.1,3,0,0,10,0,9,0,0,0.0639
702,10,9.1,3,0,0,10,0,11,0,0,0.0641
702,10,9.1,3,0,0,10,0,15,0,0,0.0635
702,10,9.1,3,0,0,10,0,0,0,0,0.0624
702,10,9.1,3,0,0,10,0,0,1,0,0.0621
702,10,9.1,3,0,0,10,0,0,3,0,0.0617
702,10,9.1,3,0,0,10,0,0,5,0,0.0613
702,10,9.1,3,0,0,10,0,0,8,0,0.0608
702,10,9.1,3,0,0,10,0,0,10,0,0.0603
702,10,9.1,3,0,0,10,0,0,13,0,0.0596
702,10,9.1,3,0,0,10,0,0,0,0,0.0624
702,10,9.1,3,0,0,10,0,0,0,3,0.0627
702,10,9.1,3,0,0,10,0,0,0,6,0.0631
702,10,9.1,3,0,0,10,0,0,0,9,0.0635
702,10,9.1,3,0,0,10,0,0,0,12,0.0637
702,10,9.1,3,0,0,10,0,0,0,15,0.0641
702,10,9.1,3,0,0,10,0,0,0,18,0.0647
702,10,9.1,3,0,0,10,0,0,0,21,0.0642
702,10,9.1,3,0,0,10,0,0,0,24,0.0635
702,10,9.1,3,0,0,15,0,0,0,0,0.0436
702,10,9.1,3,0,0,15,6,0,0,0,0.0429
702,10,9.1,3,0,0,15,8,0,0,0,0.0425
702,10,9.1,3,0,0,15,10,0,0,0,0.0419
702,10,9.1,3,0,0,15,12,0,0,0,0.0415
702,10,9.1,3,0,0,15,14,0,0,0,0.0411
702,10,9.1,3,0,0,15,16,0,0,0,0.0406
702,10,9.1,3,0,0,15,18,0,0,0,0.0398
702,10,9.1,3,0,0,15,24,0,0,0,0.0394
702,10,9.1,3,0,0,15,0,0,0,0,0.0436
702,10,9.1,3,0,0,15,0,1,0,0,0.0441
702,10,9.1,3,0,0,15,0,3,0,0,0.0447
702,10,9.1,3,0,0,15,0,6,0,0,0.0451
702,10,9.1,3,0,0,15,0,9,0,0,0.0455
702,10,9.1,3,0,0,15,0,11,0,0,0.0461
702,10,9.1,3,0,0,15,0,15,0,0,0.0445
702,10,9.1,3,0,0,15,0,0,0,0,0.0436
702,10,9.1,3,0,0,15,0,0,1,0,0.0431
702,10,9.1,3,0,0,15,0,0,3,0,0.0427
702,10,9.1,3,0,0,15,0,0,5,0,0.0421
702,10,9.1,3,0,0,15,0,0,8,0,0.0417
702,10,9.1,3,0,0,15,0,0,10,0,0.0413
702,10,9.1,3,0,0,15,0,0,13,0,0.0405
702,10,9.1,3,0,0,15,0,0,0,0,0.0436
702,10,9.1,3,0,0,15,0,0,0,3,0.0439
702,10,9.1,3,0,0,15,0,0,0,6,0.0441
702,10,9.1,3,0,0,15,0,0,0,9,0.0443
702,10,9.1,3,0,0,15,0,0,0,12,0.0445
702,10,9.1,3,0,0,15,0,0,0,15,0.045
702,10,9.1,3,0,0,15,0,0,0,18,0.0447
702,10,9.1,3,0,0,15,0,0,0,21,0.0441
702,10,9.1,3,0,0,15,0,0,0,24,0.0436
702,10,9.1,3,0,0,5,0,0,0,0,0.0914
702,10,9.1,3,0,4,5,0,0,0,0,0.0504
702,10,9.1,3,0,8,5,0,0,0,0,0.0325
702,10,9.1,3,0,12,5,0,0,0,0,0.0196
702,10,9.1,3,0,16,5,0,0,0,0,0.0135
702,10,9.1,3,20,0,5,0,0,0,0,0.0835
702,10,9.1,3,40,0,5,0,0,0,0,0.0444
702,10,9.1,3,60,0,5,0,0,0,0,0.0401
702,10,9.1,3,80,0,5,0,0,0,0,0.0305
702,10,9.1,3,100,0,5,0,0,0,0,0.0285
1638,10,9.1,3,0,0,5,0,0,0,0,0.185
1638,10,9.1,3,0,4,5,0,0,0,0,0.119
1638,10,9.1,3,0,8,5,0,0,0,0,0.0552
1638,10,9.1,3,0,12,5,0,0,0,0,0.051
1638,10,9.1,3,0,16,5,0,0,0,0,0.0364
1638,10,9.1,3,20,0,5,0,0,0,0,0.123
1638,10,9.1,3,40,0,5,0,0,0,0,0.101
1638,10,9.1,3,60,0,5,0,0,0,0,0.0852
1638,10,9.1,3,80,0,5,0,0,0,0,0.0712
1638,10,9.1,3,100,0,5,0,0,0,0,0.0625
1638,10,9.1,5,0,0,5,0,0,0,0,0.082
1638,10,9.1,5,0,4,5,0,0,0,0,0.0623
1638,10,9.1,5,0,8,5,0,0,0,0,0.0452
1638,10,9.1,5,0,12,5,0,0,0,0,0.0325
1638,10,9.1,5,0,16,5,0,0,0,0,0.0125
1638,10,9.1,5,20,0,5,0,0,0,0,0.063
1638,10,9.1,5,40,0,5,0,0,0,0,0.0541
1638,10,9.1,5,60,0,5,0,0,0,0,0.04562
1638,10,9.1,5,80,0,5,0,0,0,0,0.035
1638,10,9.1,5,100,0,5,0,0,0,0,0.0241
1638,10,9.1,7,0,0,5,0,0,0,0,0.047
1638,10,9.1,7,0,4,5,0,0,0,0,0.025
1638,10,9.1,7,0,8,5,0,0,0,0,0.0241
1638,10,9.1,7,0,12,5,0,0,0,0,0.0211
1638,10,9.1,7,0,16,5,0,0,0,0,0.0155
1638,10,9.1,7,20,0,5,0,0,0,0,0.042
1638,10,9.1,7,40,0,5,0,0,0,0,0.035
1638,10,9.1,7,60,0,5,0,0,0,0,0.031
1638,10,9.1,7,80,0,5,0,0,0,0,0.0215
1638,10,9.1,7,100,0,5,0,0,0,0,0.0207
1638,10,9.1,9,0,0,5,0,0,0,0,0.033
1638,10,9.1,9,0,4,5,0,0,0,0,0.0325
1638,10,9.1,9,0,8,5,0,0,0,0,0.0321
1638,10,9.1,9,0,12,5,0,0,0,0,0.0317
1638,10,9.1,9,0,16,5,0,0,0,0,0.0312
1638,10,9.1,9,20,0,5,0,0,0,0,0.0329
1638,10,9.1,9,40,0,5,0,0,0,0,0.0325
1638,10,9.1,9,60,0,5,0,0,0,0,0.032
1638,10,9.1,9,80,0,5,0,0,0,0,0.0319
1638,10,9.1,9,100,0,5,0,0,0,0,0.0315
